year,spring,summer,autumn,winter,total
2017,12.9,612.7,177.9,75.2,878.7
2018,383.5,620.6,351.3,68.7,1424.1000000000001
2019,175.0,508.2,440.8,168.8,1292.8
2020,173.7,1037.6,270.4,47.8,1529.4999999999998
2021,330.5,612.8,256.4,13.3,1212.9999999999998
